status,product_area,response,justification,request_type
"escalated","general","We encountered an issue processing your request. A support agent will follow up shortly.","Fallback due to processing error: LLM API call failed after retry.","product_issue"
"escalated","general","We encountered an issue processing your request. A support agent will follow up shortly.","Fallback due to processing error: LLM API call failed after retry.","product_issue"
"escalated","general_escalation","Your request has been escalated to a specialist who will assist you shortly. Please do not share any sensitive details in this chat.","High-risk issue detected matching escalation criteria: general_escalation. Requires human review.","product_issue"
"escalated","general","We encountered an issue processing your request. A support agent will follow up shortly.","Fallback due to processing error: LLM API call failed after retry.","product_issue"
"escalated","general","We encountered an issue processing your request. A support agent will follow up shortly.","Fallback due to processing error: LLM API call failed after retry.","product_issue"
"escalated","general","We encountered an issue processing your request. A support agent will follow up shortly.","Fallback due to processing error: LLM API call failed after retry.","product_issue"
"escalated","general","We encountered an issue processing your request. A support agent will follow up shortly.","Fallback due to processing error: LLM API call failed after retry.","product_issue"
"escalated","general","We encountered an issue processing your request. A support agent will follow up shortly.","Fallback due to processing error: LLM API call failed after retry.","product_issue"
"escalated","general","We encountered an issue processing your request. A support agent will follow up shortly.","Fallback due to processing error: LLM API call failed after retry.","product_issue"
"escalated","general","We encountered an issue processing your request. A support agent will follow up shortly.","Fallback due to processing error: LLM API call failed after retry.","product_issue"
"escalated","general","We encountered an issue processing your request. A support agent will follow up shortly.","Fallback due to processing error: LLM API call failed after retry.","product_issue"
"escalated","general","We have received your message and are escalating it to a team member who can assist in your language.","Non-English input detected (language: af). Escalated for human handling.","product_issue"
"escalated","general","We encountered an issue processing your request. A support agent will follow up shortly.","Fallback due to processing error: LLM API call failed after retry.","product_issue"
"escalated","general","We encountered an issue processing your request. A support agent will follow up shortly.","Fallback due to processing error: LLM API call failed after retry.","product_issue"
"escalated","general","We encountered an issue processing your request. A support agent will follow up shortly.","Fallback due to processing error: LLM API call failed after retry.","product_issue"
"escalated","fraud_and_security","Your request has been escalated to a specialist who will assist you shortly. Please do not share any sensitive details in this chat.","High-risk issue detected matching escalation criteria: fraud_and_security. Requires human review.","product_issue"
"escalated","general","We have received your message and are escalating it to a team member who can assist in your language.","Non-English input detected (language: de). Escalated for human handling.","product_issue"
"escalated","general","We encountered an issue processing your request. A support agent will follow up shortly.","Fallback due to processing error: LLM API call failed after retry.","product_issue"
"replied","billing","To dispute a charge, please contact your issuer or bank using the freephone number located on the front or back of your Visa card. In many cases, your issuer or bank will require detailed information regarding the transaction before resolving the disputed charge.","The user is inquiring about disputing a charge, which is a common issue related to billing. The provided documentation includes a section on disputing charges, which instructs the user to contact their issuer or bank for assistance. This response directly addresses the user's question and provides the necessary information to resolve the issue.","product_issue"
"escalated","security_vulnerability","Your request has been escalated to a specialist who will assist you shortly. Please do not share any sensitive details in this chat.","High-risk issue detected matching escalation criteria: security_vulnerability. Requires human review.","product_issue"
"escalated","general","We encountered an issue processing your request. A support agent will follow up shortly.","Fallback due to processing error: LLM API call failed after retry.","product_issue"
"escalated","general","We encountered an issue processing your request. A support agent will follow up shortly.","Fallback due to processing error: LLM API call failed after retry.","product_issue"
"escalated","general","We encountered an issue processing your request. A support agent will follow up shortly.","Fallback due to processing error: LLM API call failed after retry.","product_issue"
"escalated","security","This request cannot be fulfilled. It has been flagged for review.","Malicious or destructive command detected in the support ticket.","invalid"
"escalated","fraud_and_security","Your request has been escalated to a specialist who will assist you shortly. Please do not share any sensitive details in this chat.","High-risk issue detected matching escalation criteria: fraud_and_security. Requires human review.","product_issue"
"escalated","general","We encountered an issue processing your request. A support agent will follow up shortly.","Fallback due to processing error: LLM API call failed after retry.","product_issue"
"escalated","general","We encountered an issue processing your request. A support agent will follow up shortly.","Fallback due to processing error: LLM API call failed after retry.","product_issue"
"escalated","general","We encountered an issue processing your request. A support agent will follow up shortly.","Fallback due to processing error: LLM API call failed after retry.","product_issue"
